state,participation_2025,participation_2024,participation_2020,participation_2015,examinees_2025,examinees_2024,examinees_2020,examinees_2015,score5_2025,score4_2025,score3_2025,score2_2025,score1_2025,total_exams_2025,pass_rate_2025,high_score_rate_2025,exams_per_examinee_2025,performance_incentive,participation_incentive,teacher_training,exam_fee_support,access_support,accountability,policy_notes,state_abbr
Alabama,0.15,0.15,0.12,0.14,28817,27996,21104,23371,5902,11959,15451,12222,8406,53940,0.617575083426029,0.3311271783463107,1.8718117777700662,0,0,0,1,1,0,State-supported AP exam fee reduction and statewide online AP access were documented.,AL
Alaska,0.14,0.13,0.1,0.11,4462,4110,2823,3187,784,1827,2530,1758,714,7613,0.675292263233942,0.3429659792460265,1.7061855670103092,0,0,0,0,0,0,,AK
Arizona,0.15,0.14,0.11,0.12,44887,42606,33635,31799,14456,23605,22629,16477,8979,86146,0.7045016599726046,0.44181970143709515,1.9191748167620915,0,0,0,0,0,0,,AZ
Arkansas,0.24,0.23,0.19,0.24,29361,27777,21262,25420,3949,9842,13779,13269,10744,51583,0.5344784134307815,0.2673555241067794,1.7568543305745716,1,0,1,1,1,1,Schools could receive up to $50 for each AP exam score of 3 or higher.,AR
California,0.27,0.25,0.23,0.2,407095,388819,355285,316529,151990,218410,203879,148207,89798,812284,0.7069928744133825,0.4559981484308444,1.9953180461563025,0,0,1,0,1,1,"AP accountability/reporting, teacher professional development, and state efforts to expand AP access were documented.",CA
Colorado,0.23,0.22,0.21,0.2,55226,53023,48628,41785,15873,27935,27052,17765,9162,97787,0.724636199085768,0.4479941096464765,1.7706696121392098,0,1,1,1,1,1,"Rural schools could receive $500 for each student completing an AP class and taking the exam, regardless of exam outcome.",CO
Connecticut,0.26,0.25,0.24,0.21,31973,31398,29911,26339,14242,19087,15356,8666,4520,61871,0.7868791517835496,0.5386853291525917,1.935101491883777,0,0,1,1,0,1,AP was included in accountability; teacher-training guidance and exam-fee support were documented.,CT
Delaware,0.19,0.19,0.17,0.16,7427,7281,5672,4697,1671,3080,3739,2986,1601,13077,0.64923147510897,0.36330962759042595,1.7607378483910059,0,0,0,1,1,0,,DE
District of Columbia,0.34,0.31,0.28,0.28,5545,4809,3625,3580,1494,2063,2158,2054,2581,10350,0.5521739130434783,0.3436714975845411,1.866546438232642,0,0,0,0,0,0,,DC
Florida,0.25,0.24,0.23,0.23,200790,193422,182712,173984,50158,97354,109990,81647,45078,384227,0.6701819497328402,0.38391888128632295,1.9135763733253648,1,0,1,0,1,1,District funding and teacher bonuses were tied to students earning AP scores of 3 or higher.,FL
Georgia,0.22,0.21,0.17,0.19,104135,98882,76598,80526,36370,59093,54778,35021,18478,203740,0.7374153332678904,0.46855305781878864,1.956498775627791,0,0,1,1,0,1,AP was included in accountability; state teacher workshops and exam-fee support were documented.,GA
Hawaii,0.2,0.18,0.16,0.15,6869,6780,5921,5468,1157,2504,3242,2544,1456,10903,0.6331284967440154,0.3357791433550399,1.5872761682923278,0,0,0,0,1,0,,HI
Idaho,0.09,0.11,0.11,0.09,7483,8248,7845,5757,2031,3945,3694,2182,720,12572,0.7691695832007636,0.47534202990773144,1.6800748362956033,0,0,0,1,1,1,,ID
Illinois,0.27,0.25,0.22,0.18,135601,127355,112746,92666,45569,71479,67472,43762,23532,251814,0.7327630711556943,0.46481927136696133,1.8570217033797687,0,0,1,1,1,1,"State AP grants supported low-income schools, teacher training, exam fees, and access initiatives.",IL
Indiana,0.19,0.18,0.17,0.16,50237,48460,43251,40865,12111,22601,25119,18254,9046,87131,0.6866786792301247,0.3983886332074692,1.7343989489818261,0,0,1,1,1,1,"State support included AP accountability, teacher training, exam fees, and access initiatives.",IN
Iowa,0.1,0.1,0.09,0.1,13312,12628,11539,11401,3469,6267,5976,3822,1251,20785,0.7559297570363243,0.46841472215540053,1.5613731971153846,0,0,1,0,1,0,State-supported AP teacher training and statewide/online AP access were documented.,IA
Kansas,0.09,0.09,0.08,0.08,10694,9966,8827,9052,3216,5897,5153,2749,718,17733,0.8044888061805673,0.5139006372300231,1.6582195623714233,0,0,0,0,0,0,,KS
Kentucky,0.16,0.16,0.15,0.18,29859,28895,26623,30962,5159,11530,14481,11768,5050,47988,0.6495373843460865,0.3477744436109027,1.6071536220235105,0,0,1,1,1,1,"State support included AP reporting, teacher training, exam fees, and access initiatives.",KY
Louisiana,0.1,0.11,0.1,0.11,20511,21774,17177,17184,3273,7511,8871,7248,4439,31342,0.6271137770403931,0.34407504307319253,1.5280581151577202,0,0,1,1,1,1,,LA
Maine,0.17,0.16,0.15,0.15,7281,6968,6516,6511,2058,3865,3780,2209,861,12773,0.759649260158146,0.46371251859390905,1.754291992858124,0,0,1,0,1,0,,ME
Maryland,0.31,0.29,0.26,0.27,71192,65905,56160,54601,25168,36710,35049,25707,15494,138128,0.7017186957025368,0.4479757905710645,1.9402180020226991,0,0,0,0,1,1,,MD
Massachusetts,0.29,0.28,0.24,0.21,65355,62639,52295,47201,28596,37612,32900,20467,11387,130962,0.7567691391395978,0.5055512286006628,2.0038558641266926,0,0,1,1,1,0,,MA
Michigan,0.19,0.18,0.15,0.14,65898,63053,55646,51657,20303,33944,33447,21253,9260,118207,0.7418680788785774,0.458915292664563,1.7937873683571581,0,0,0,1,1,1,,MI
Minnesota,0.17,0.16,0.16,0.17,42339,39920,39774,37705,12665,22089,18930,11817,3813,69314,0.7745044291196583,0.5013994286868454,1.6371194407047875,0,0,1,1,1,1,Competitive grants expanded AP access; teacher-training and exam-fee support were documented.,MN
Mississippi,0.1,0.11,0.07,0.06,11393,12442,7067,6524,1374,3594,4187,3792,3198,16145,0.5670486218643543,0.3077113657479096,1.4170982182041605,0,0,1,0,1,1,,MS
Missouri,0.12,0.11,0.11,0.09,25734,24342,21524,19298,7263,12668,11742,7644,3653,42970,0.7370956481266,0.4638352338841052,1.6697753944198337,1,0,0,0,1,1,Eligible students could receive a $500 incentive grant for earning two AP scores of 3 or higher in math/science.,MO
Montana,0.14,0.13,0.11,0.1,5097,4677,3533,3001,1264,2772,2820,1709,331,8896,0.77068345323741,0.45368705035971224,1.745340396311556,0,0,0,0,1,0,,MT
Nebraska,0.12,0.11,0.09,0.09,10976,9862,7472,6491,2592,5105,4935,3654,1825,18111,0.6974766716360223,0.4249903373640329,1.650054664723032,0,0,0,0,0,0,,NE
Nevada,0.19,0.17,0.15,0.15,25316,23538,18605,15915,4457,9317,11223,9887,6712,41596,0.6009472064621598,0.33113760938551784,1.6430715752883551,0,0,1,1,1,1,"Competitive grants supported AP expansion, teacher training, exam fees, and access, with AP included in accountability.",NV
New Hampshire,0.16,0.15,0.14,0.12,6257,5927,5755,5382,2094,3418,2924,1681,506,10623,0.7941259531205874,0.5188741410147792,1.6977784880933355,0,0,0,1,0,1,,NH
New Jersey,0.26,0.25,0.22,0.17,85642,81141,69739,54902,43047,53291,43770,25626,14683,180417,0.7765787037806858,0.5339740711795452,2.1066416010835805,0,0,0,1,0,1,,NJ
New Mexico,0.15,0.15,0.12,0.11,11053,10910,9106,8447,1281,3063,4474,4886,4505,18209,0.4842660222966665,0.2385633477950464,1.6474260381796797,0,0,0,1,1,1,,NM
New York,0.31,0.29,0.26,0.21,183532,175485,159457,127977,63648,100405,95176,62821,30726,352776,0.7348260652652108,0.46503446946504295,1.9221498158359305,0,0,0,1,0,0,,NY
North Carolina,0.23,0.22,0.2,0.19,90504,84372,70283,65101,29371,46832,47191,30860,16908,171162,0.7209193629427092,0.4452098012409296,1.8912092283214001,0,0,1,1,1,1,"AP reporting, teacher professional development, exam-fee support, and statewide AP access were documented.",NC
North Dakota,0.1,0.11,0.12,0.07,2912,3072,3054,1579,629,1371,1453,817,223,4493,0.7685288226129535,0.44513687959047404,1.5429258241758241,0,0,0,1,1,0,,ND
Ohio,0.16,0.15,0.15,0.14,63354,61087,58239,52923,22803,35157,31155,17617,6703,113435,0.7856040904482744,0.5109534094415303,1.7904946806831454,0,0,0,0,1,1,,OH
Oklahoma,0.1,0.1,0.09,0.11,16621,15632,12684,15631,2623,6369,8034,6865,4092,27983,0.6084408390808705,0.32133795518707786,1.6835930449431442,0,0,1,1,1,1,"The AP Incentive Program supported course startup/implementation; AP accountability, teacher training, exam fees, and access were documented.",OK
Oregon,0.15,0.14,0.12,0.11,21859,20936,17298,16495,5457,10394,10884,7515,2949,37199,0.7187021156482701,0.42611360520444097,1.701770437805938,0,0,1,1,1,0,,OR
Pennsylvania,0.17,0.17,0.15,0.13,74127,70570,63626,55959,29437,43262,36349,20926,8951,138925,0.7849415152060464,0.5232967428468598,1.8741484209532289,0,0,0,1,0,1,,PA
Rhode Island,0.22,0.21,0.19,0.14,7182,7017,6455,4551,2276,3419,3734,2499,1553,13481,0.699428825754766,0.4224464060529634,1.8770537454747982,0,0,1,0,1,1,,RI
South Carolina,0.14,0.14,0.16,0.14,31653,31210,30443,25926,8804,15631,14609,8942,3253,51239,0.7619976970666875,0.4768828431468218,1.618772312261081,0,0,1,1,0,0,,SC
South Dakota,0.11,0.1,0.09,0.09,3850,3544,2675,2499,1020,2022,1906,1077,256,6281,0.7877726476675688,0.48431778379238977,1.6314285714285715,0,0,0,1,1,0,,SD
Tennessee,0.15,0.15,0.11,0.1,40565,38943,28951,24980,10790,18748,18992,13193,7279,69002,0.7033129474507985,0.4280745485638097,1.701023049426846,0,0,1,0,1,1,,TN
Texas,0.25,0.24,0.2,0.21,386021,361162,275568,250167,94525,160961,176312,162990,145767,740555,0.5830735056815497,0.3449926068961792,1.9184318987827087,1,0,1,1,1,1,Schools could receive $100 for each student scoring 3 or higher; successful scores also contributed to a teacher bonus pool.,TX
Utah,0.16,0.15,0.15,0.15,33959,32476,28136,23373,8394,16029,14602,9002,2693,50720,0.7694203470031545,0.48152602523659305,1.4935657704879413,1,0,0,1,1,1,AP program funding included an allocation tied to AP exams passed with scores of 3 or higher.,UT
Vermont,0.18,0.17,0.18,0.18,3274,3094,3251,3555,1095,1861,1710,878,254,5798,0.8047602621593652,0.5098309761986892,1.7709224190592547,0,0,0,0,0,0,,VT
Virginia,0.26,0.24,0.22,0.23,82394,76761,68376,67678,33298,50662,46033,27856,12850,170699,0.7615334594813092,0.49185994059719157,2.071740660727723,0,0,0,0,1,1,AP reporting and statewide virtual AP access were documented.,VA
Washington,0.17,0.17,0.15,0.16,54313,52868,45314,44633,21401,29715,25813,16136,6884,99949,0.7696825380944281,0.5114208246205565,1.8402408263215069,1,0,1,1,1,1,District incentive awards included students earning dual credit by scoring 3 or higher on an AP exam.,WA
West Virginia,0.1,0.1,0.11,0.11,6066,6116,6454,7184,1062,2263,2718,2228,1124,9395,0.643214475784992,0.3539116551357105,1.548796571051764,0,1,1,0,0,1,"State aid was distributed to counties proportionate to enrollment in AP, dual-credit, and IB courses.",WV
Wisconsin,0.23,0.22,0.2,0.18,48372,46759,42733,37557,14586,26184,24799,13965,4566,84100,0.7796551724137931,0.4847800237812128,1.7386091127098322,0,0,0,0,1,1,,WI
Wyoming,0.09,0.09,0.1,0.08,2261,2239,2180,1713,521,947,1066,621,187,3342,0.758228605625374,0.43925792938360264,1.4781070322865988,0,0,0,0,1,0,,WY
