state,performance_incentive,participation_incentive,teacher_training,exam_fee_support,access_support,accountability,policy_notes
Alabama,0,0,0,1,1,0,State-supported AP exam fee reduction and statewide online AP access were documented.
Alaska,0,0,0,0,0,0,
Arizona,0,0,0,0,0,0,
Arkansas,1,0,1,1,1,1,Schools could receive up to $50 for each AP exam score of 3 or higher.
California,0,0,1,0,1,1,"AP accountability/reporting, teacher professional development, and state efforts to expand AP access were documented."
Colorado,0,1,1,1,1,1,"Rural schools could receive $500 for each student completing an AP class and taking the exam, regardless of exam outcome."
Connecticut,0,0,1,1,0,1,AP was included in accountability; teacher-training guidance and exam-fee support were documented.
Delaware,0,0,0,1,1,0,
District of Columbia,0,0,0,0,0,0,
Florida,1,0,1,0,1,1,District funding and teacher bonuses were tied to students earning AP scores of 3 or higher.
Georgia,0,0,1,1,0,1,AP was included in accountability; state teacher workshops and exam-fee support were documented.
Hawaii,0,0,0,0,1,0,
Idaho,0,0,0,1,1,1,
Illinois,0,0,1,1,1,1,"State AP grants supported low-income schools, teacher training, exam fees, and access initiatives."
Indiana,0,0,1,1,1,1,"State support included AP accountability, teacher training, exam fees, and access initiatives."
Iowa,0,0,1,0,1,0,State-supported AP teacher training and statewide/online AP access were documented.
Kansas,0,0,0,0,0,0,
Kentucky,0,0,1,1,1,1,"State support included AP reporting, teacher training, exam fees, and access initiatives."
Louisiana,0,0,1,1,1,1,
Maine,0,0,1,0,1,0,
Maryland,0,0,0,0,1,1,
Massachusetts,0,0,1,1,1,0,
Michigan,0,0,0,1,1,1,
Minnesota,0,0,1,1,1,1,Competitive grants expanded AP access; teacher-training and exam-fee support were documented.
Mississippi,0,0,1,0,1,1,
Missouri,1,0,0,0,1,1,Eligible students could receive a $500 incentive grant for earning two AP scores of 3 or higher in math/science.
Montana,0,0,0,0,1,0,
Nebraska,0,0,0,0,0,0,
Nevada,0,0,1,1,1,1,"Competitive grants supported AP expansion, teacher training, exam fees, and access, with AP included in accountability."
New Hampshire,0,0,0,1,0,1,
New Jersey,0,0,0,1,0,1,
New Mexico,0,0,0,1,1,1,
New York,0,0,0,1,0,0,
North Carolina,0,0,1,1,1,1,"AP reporting, teacher professional development, exam-fee support, and statewide AP access were documented."
North Dakota,0,0,0,1,1,0,
Ohio,0,0,0,0,1,1,
Oklahoma,0,0,1,1,1,1,"The AP Incentive Program supported course startup/implementation; AP accountability, teacher training, exam fees, and access were documented."
Oregon,0,0,1,1,1,0,
Pennsylvania,0,0,0,1,0,1,
Rhode Island,0,0,1,0,1,1,
South Carolina,0,0,1,1,0,0,
South Dakota,0,0,0,1,1,0,
Tennessee,0,0,1,0,1,1,
Texas,1,0,1,1,1,1,Schools could receive $100 for each student scoring 3 or higher; successful scores also contributed to a teacher bonus pool.
Utah,1,0,0,1,1,1,AP program funding included an allocation tied to AP exams passed with scores of 3 or higher.
Vermont,0,0,0,0,0,0,
Virginia,0,0,0,0,1,1,AP reporting and statewide virtual AP access were documented.
Washington,1,0,1,1,1,1,District incentive awards included students earning dual credit by scoring 3 or higher on an AP exam.
West Virginia,0,1,1,0,0,1,"State aid was distributed to counties proportionate to enrollment in AP, dual-credit, and IB courses."
Wisconsin,0,0,0,0,1,1,
Wyoming,0,0,0,0,1,0,
